﻿Designator,Footprint,Quantity,Value,LCSC Part #
"C301, C303, C305, C307, C309, C311, C313, C314, C316, C317, C318, C401, C402, C408, C502, C504",C_0805,16,100nF,C49678
"C302, C304, C306, C308, C310, C312, C315, C319, C409",CP_Tantalum_Case-A_EIA-3216-18_Reflow,9,2.2uF Tant,C19276
C403,C_0805,1,330pF,C107148
C404,C_0805,1,33pF,C157687
C405,C_0805,1,470pF,C1743
C406,C_0805,1,100pF,C1790
C407,C_0805,1,270pF,C113828
"C501, C503",CP_Tantalum_Case-B_EIA-3528-21_Reflow,2,10uF TANT,C7193
J101,PinSocket_2x20_P2.54mm_Vertical,1,DE0-Nano_GPIO1,C2977589
J102,PinSocket_2x20_P2.54mm_Vertical,1,DE0-Nano_GPIO0,C2977589
J201,PinHeader_2x20_P2.54mm_Vertical,1,GPIFII_J7,C124383
J202,PinHeader_2x20_P2.54mm_Vertical,1,GPIFII_J6,C124383
J401,BNC Socket,1,BNC_Rosenberger,51K204-400A5
L401,L_0805,1,680nH,C139230
L402,L_0805,1,560nH,C139229
L501,Inductor_Bourns-SRU8043,1,100uH,C780190
"R301, R402, R403, R407",R_0805,4,1K,C17513
R302,R_0805,1,1K2,C17379
R401,R_0805,1,56R,C17757
R404,R_0805,1,100R,C17408
R405,R_0805,1,200R,C17540
R406,R_0805,1,1K5,C4310
R408,R_0805,1,680R,C17798
R409,R_0805,1,560R,C28636
"R410, R411",R_0805,2,47R,C17714
SW401,SW_DIP_x4_W7.62mm_Slide_Copal_CHS-B,1,Gain Select, C3293144
U301,SSOP-28_5.3x10.2mm_Pitch0.65mm,1,ADS825, C1542665
"U302, U303",TSSOP-20_4.4x6.5mm_Pitch0.65mm,2,74LVTH541_PWR,C2876976
U401,SOIC-8_3.9x4.9mm_Pitch1.27mm,1,OPA690,C1346889
U501,SOT-223-3_TabPin2,1,LM1117-3.3,C126027
